seendate,url,title,language,domain,socialimage,company,ticker
2026-01-24 12:00:00+00:00,https://www.fool.com/investing/2026/01/24/3-no-brainer-ai-stocks-to-buy-right-now/?source=iedfolrf0000001,3 No - Brainer AI Stocks to Buy Right Now,English,fool.com,https://g.foolcdn.com/editorial/images/848911/stock-investor-looking-at-their-phone-surprised.jpg,Alphabet,GOOGL
2026-01-24 13:00:00+00:00,https://www.fool.com/investing/2026/01/24/3-ai-energy-stocks-that-could-power-both-growth-an/,3 AI Energy Stocks That Could Power Both Growth and Future Dividends,English,fool.com,https://g.foolcdn.com/editorial/images/850491/power-lines-sunset.jpg,Alphabet,GOOGL
2026-01-24 13:30:00+00:00,https://www.fool.com/investing/2026/01/24/3-ai-energy-stocks-that-could-power-both-growth-an/?source=iedfolrf0000001,3 AI Energy Stocks That Could Power Both Growth and Future Dividends,English,fool.com,https://g.foolcdn.com/editorial/images/850491/power-lines-sunset.jpg,Alphabet,GOOGL
2026-01-24 15:00:00+00:00,https://finance.yahoo.com/news/3-ai-energy-stocks-could-122500045.html,3 AI Energy Stocks That Could Power Both Growth and Future Dividends,English,finance.yahoo.com,https://s.yimg.com/ny/api/res/1.2/tiVVhC0QQX_8pXXogr8lsw--/YXBwaWQ9aGlnaGxhbmRlcjt3PTEyMDA7aD02NzU-/https://media.zenfs.com/en/motleyfool.com/7642b19d71711dc230854803cdaac075,Alphabet,GOOGL
2026-01-24 15:00:00+00:00,https://www.fool.com/investing/2026/01/24/alphabet-meta-platforms-ai-stock-make-you-rich/?source=iedfolrf0000001,Alphabet vs . Meta Platforms : Which AI Stock Will Make You Richer ? ,English,fool.com,https://g.foolcdn.com/editorial/images/848987/wide-shot-of-google-campus_alphabet_google.jpg,Alphabet,GOOGL
2026-01-24 16:30:00+00:00,https://www.fool.com/investing/2026/01/24/nuclear-energy-stock-to-buy-now-never-sell/?source=iedfolrf0000001,1 No - Brainer Nuclear Energy Stock to Buy Now and Never Sell,English,fool.com,https://g.foolcdn.com/editorial/images/848206/crane-clean-energy-center-2024-exerior-aerial-sunrise-over-tower.jpg,Meta Platforms,META
2026-01-24 17:00:00+00:00,https://finance.yahoo.com/news/rocket-labs-path-neutron-launch-163226528.html,Rocket Lab Path To Neutron Launch : Breaking Tanks To Break Records,English,finance.yahoo.com,https://s.yimg.com/os/en/Benzinga/e46ebabeef64e78823a8846ba869a16d,Meta Platforms,META
2026-01-24 20:00:00+00:00,https://www.cnbc.com/2026/01/24/buy-low-sell-high-how-we-navigated-the-wild-week-on-wall-street.html,"Buy low , sell high : How we navigated the wild week on Wall Street",English,cnbc.com,https://image.cnbcfm.com/api/v1/image/108256339-1769181970472-gettyimages-2257229981-AFP_93TM4TY.jpeg?v=1769182001,Alphabet,GOOGL
2026-01-24 20:15:00+00:00,https://finance.yahoo.com/news/had-bet-1-vanguard-etf-122000878.html,"If I Had to Bet on 1 Vanguard ETF Outperforming the Market in 2026 , This Would Be It",English,finance.yahoo.com,https://s.yimg.com/ny/api/res/1.2/5ZQjpIW_Hj9qTZiFNWYzZA--/YXBwaWQ9aGlnaGxhbmRlcjt3PTEyMDA7aD04MDA-/https://media.zenfs.com/en/motleyfool.com/6b754e2ea5894ff6100adbe50e78b9df,Meta Platforms,META
2026-01-24 21:30:00+00:00,https://www.fool.com/investing/2026/01/24/should-you-buy-brookfield-asset-management-while-i/?source=iedfolrf0000001,Should You Buy Brookfield Asset Management While It Below $55 ? ,English,fool.com,,Alphabet,GOOGL
2026-01-24 21:30:00+00:00,https://finance.yahoo.com/news/3-dirt-cheap-stocks-buy-233500284.html,"3 Dirt Cheap Stocks to Buy With $1 , 000 Right Now",English,finance.yahoo.com,https://s.yimg.com/ny/api/res/1.2/l6vrFXKC4Qd9F_CG19_JeA--/YXBwaWQ9aGlnaGxhbmRlcjt3PTEyMDA7aD04MDA-/https://media.zenfs.com/en/motleyfool.com/87b319c669c0eb1c9a2cc01dac456bae,Meta Platforms,META
2026-01-24 21:30:00+00:00,https://www.fool.com/investing/2026/01/24/can-nano-nuclear-energy-stock-beat-the-market-in/?source=iedfolrf0000001,Can Nano Nuclear Energy Stock Beat the Market in 2026 ? ,English,fool.com,https://g.foolcdn.com/editorial/images/844168/atomic-pattern.png,Meta Platforms,META
2026-01-24 21:30:00+00:00,https://www.fool.com/investing/2026/01/24/favorite-income-stock-buy-now-energy-sector/?source=iedfolrf0000001,My 1 Favorite Income Stock to Buy Right Now in the Energy Sector,English,fool.com,https://g.foolcdn.com/editorial/images/850514/underneath-view-of-pipelines-getty.jpg,Meta Platforms,META
2026-01-24 23:30:00+00:00,https://nagalandpost.com/is-china-quietly-winning-the-ai-race/,Is China quietly winning the AI race ? ,English,nagalandpost.com,https://nagalandpost.com/wp-content/uploads/2026/01/Is-China-quietly-winning-the.jpg,Meta Platforms,META
2026-01-24 23:30:00+00:00,https://finance.yahoo.com/news/ericsson-proposes-bigger-dividends-strong-230152531.html,Ericsson Proposes Bigger Dividends After Strong Quarter,English,finance.yahoo.com,https://s.yimg.com/os/en/Benzinga/679a7b6434dc9937c902f66c00ebbc55,Meta Platforms,META
2026-01-24 23:45:00+00:00,https://www.fool.com/investing/2026/01/24/this-growth-stock-has-been-absolutely-crushed-but/,This Growth Stock Has Been Absolutely Crushed . But Is It Finally Time to Buy ? ,English,fool.com,https://g.foolcdn.com/editorial/images/852847/growth-stock-to-buy-now-before-it-rebounds.jpg,Alphabet,GOOGL
2026-01-25 00:45:00+00:00,https://www.webpronews.com/why-real-voices-trump-ai-hype-in-ad-trust-wars/,Why Real Voices Trump AI Hype in Ad Trust Wars,English,webpronews.com,https://www.webpronews.com/wp-content/uploads/2026/01/article-7416-1769296122.jpeg,Meta Platforms,META
2026-01-25 00:45:00+00:00,https://www.webpronews.com/ads-decoded-googles-podcast-gambit-demand-gen-surge-and-chatgpts-ad-awakening/,"Ads Decoded : Google Podcast Gambit , Demand Gen Surge , and ChatGPT Ad Awakening",English,webpronews.com,https://www.webpronews.com/wp-content/uploads/2026/01/article-7409-1769295281.jpeg,Meta Platforms,META
2026-01-25 01:00:00+00:00,https://finance.yahoo.com/news/raymond-james-loves-ai-overviews-164641964.html,Raymond James Loves AI Overviews . Why That Makes Google Stock a Strong Buy Here . ,English,finance.yahoo.com,https://s.yimg.com/ny/api/res/1.2/WNpA6WoJ2ffjeDmmmTsX8Q--/YXBwaWQ9aGlnaGxhbmRlcjt3PTEyMDA7aD04MDA-/https://media.zenfs.com/en/barchart_com_477/92ef183c42026825f0de825fd26975b4,Alphabet,GOOGL
2026-01-25 02:15:00+00:00,https://finance.yahoo.com/news/artificial-intelligence-ai-stock-could-185500364.html,This Artificial Intelligence ( AI ) Stock Could Define the Next Chapter of the Tech Market,English,finance.yahoo.com,https://s.yimg.com/ny/api/res/1.2/aU7NRwClc4MBQ2KY48bXaw--/YXBwaWQ9aGlnaGxhbmRlcjt3PTEyMDA7aD02Mzk-/https://media.zenfs.com/en/motleyfool.com/9fe1658223d1182ca7d528c87b13e1c8,Alphabet,GOOGL
2026-01-25 02:30:00+00:00,https://finance.yahoo.com/news/alphabet-cools-run-buy-now-194000903.html,Alphabet Cools After the Run : Buy Now or Wait for a Better Entry ? ,English,finance.yahoo.com,https://s.yimg.com/os/en/marketbeat_955/8ae50b78531a66e6248eb65d7b1189e7,Meta Platforms,META
2026-01-25 03:00:00+00:00,https://www.fool.com/investing/2026/01/24/is-it-too-late-to-buy-alphabet-stock/?source=iedfolrf0000001,Alphabet Stock Has Soared More Than 70 % In 6 Months . Is It Too Late to Buy Shares ? ,English,fool.com,https://g.foolcdn.com/editorial/images/852851/alphabet-stock-time-to-buy-goog.jpg,Alphabet,GOOGL
2026-01-25 03:30:00+00:00,https://markets.financialcontent.com/stocks/article/stockstory-2026-1-25-sanmina-sanm-q4-earnings-report-preview-what-to-look-for,FinancialContent - Sanmina ( SANM ) Q4 Earnings Report Preview : What To Look For,English,markets.financialcontent.com,https://news-assets.stockstory.org/cover-images/sanmina-corporation-cover-image-b9e4556531fb_2024-06-26-171312_psli.jpeg,Alphabet,GOOGL
2026-01-25 03:30:00+00:00,https://markets.financialcontent.com/stocks/article/stockstory-2026-1-25-northwest-bancshares-nwbi-q4-earnings-what-to-expect,FinancialContent - Northwest Bancshares ( NWBI ) Q4 Earnings : What To Expect,English,markets.financialcontent.com,,Alphabet,GOOGL
2026-01-25 03:30:00+00:00,https://finance.yahoo.com/news/northwest-bancshares-nwbi-q4-earnings-030431182.html,Northwest Bancshares ( NWBI ) Q4 Earnings : What To Expect,English,finance.yahoo.com,https://s.yimg.com/ny/api/res/1.2/.SAaBdlYHKYI89DCnbPWuQ--/YXBwaWQ9aGlnaGxhbmRlcjt3PTEyMDA7aD02MDA-/https://media.zenfs.com/en/stockstory_922/234597e7f47abc92de39e145c2631553,Alphabet,GOOGL
2026-01-25 03:30:00+00:00,https://markets.financialcontent.com/stocks/article/stockstory-2026-1-25-enterprise-financial-services-efsc-reports-earnings-tomorrow-what-to-expect,FinancialContent - Enterprise Financial Services ( EFSC ) Reports Earnings Tomorrow : What To Expect,English,markets.financialcontent.com,https://news-assets.stockstory.org/cover-images/enterprise-financial-services-cover-image-71e42a80a50f_2025-06-09-192623_jhof.jpeg,Alphabet,GOOGL
2026-01-25 04:15:00+00:00,https://www.fool.com/investing/2026/01/24/if-i-had-to-bet-on-1-vanguard-etf-outperforming-th/,"If I Had to Bet on 1 Vanguard ETF Outperforming the Market in 2026 , This Would Be It",English,fool.com,https://g.foolcdn.com/editorial/images/852001/gettyimages-2233610922.jpg,Tesla,TSLA
2026-01-25 06:00:00+00:00,https://finance.yahoo.com/news/palantir-stock-next-10-years-052000970.html,"Palantir Stock for the Next 10 Years : Buy , Hold , or Avoid ? ",English,finance.yahoo.com,https://s.yimg.com/os/en/motleyfool.com/f4d0261d840c251344a1f3e0b1a3130a,Tesla,TSLA
2026-01-25 06:00:00+00:00,https://www.investmentexecutive.com/news/product-roundup-global-xs-new-etf-seeks-to-capitalize-on-growth-of-tokenized-finance/,Product roundup : Global X new ETF seeks to capitalize on growth of tokenized finance,English,investmentexecutive.com,https://www.investmentexecutive.com/wp-content/uploads/sites/3/2025/09/AdobeStock_1498840810.jpg,Meta Platforms,META
2026-01-25 07:00:00+00:00,https://finance.yahoo.com/news/forget-tech-stocks-power-stock-063300178.html,Forget Tech Stocks : The Power Stock That AI Cant Live Without,English,finance.yahoo.com,https://s.yimg.com/ny/api/res/1.2/cAmv2WAr_W_4.eFv2VkpcA--/YXBwaWQ9aGlnaGxhbmRlcjt3PTEyMDA7aD02NzU-/https://media.zenfs.com/en/motleyfool.com/90059982cd9a24b7b08ff4a055c3ebd9,NVIDIA,NVDA
2026-01-25 07:15:00+00:00,https://www.insidermonkey.com/blog/alphabet-inc-googl-strengthens-its-position-in-ai-and-cloud-innovation-1680604/,Alphabet Inc . ( GOOGL ) Strengthens Its Position in AI and Cloud Innovation,English,insidermonkey.com,https://d2gr5kl7dt2z3t.cloudfront.net/blog/wp-content/uploads/2023/09/19163428/GOOGL-insidermonkey-1695155666632.jpg,Alphabet,GOOGL
2026-01-25 07:15:00+00:00,https://www.fool.com/coverage/etfs/2026/01/24/dia-vs-voog-how-dow-jones-stability-compares-to-s-and-p-500-growth/?source=iedfolrf0000001,DIA vs . VOOG : How Dow Jones Stability Compares to S & P 500 Growth,English,fool.com,https://cdn.content.foolcdn.com/images/1umn9qeh/production/f2894ef3e59a57033e3d12497757ed4ec0c197b2-1401x1251.png,NVIDIA,NVDA
2026-01-25 07:15:00+00:00,https://www.fool.com/investing/2026/01/25/forget-tech-stocks-the-power-stock-that-ai-cant-li/?source=iedfolrf0000001,Forget Tech Stocks : The Power Stock That AI Cant Live Without,English,fool.com,https://g.foolcdn.com/editorial/images/852316/gettyimages-1809660148.jpg,NVIDIA,NVDA
2026-01-25 07:30:00+00:00,https://www.webpronews.com/trumps-ceo-playbook-reshaping-usa-inc-for-profit-and-power/,Trump CEO Playbook : Reshaping united states Inc . for Profit and Power,English,webpronews.com,,NVIDIA,NVDA
2026-01-25 07:30:00+00:00,https://indianexpress.com/article/technology/tech-news-technology/tech-layoffs-2026-role-of-ai-job-cuts-10493537/,"As tech layoffs stretch into 2026 , role of AI in job cuts remains an open question",English,indianexpress.com,,Meta Platforms,META
2026-01-25 07:30:00+00:00,https://www.webpronews.com/tariffs-creep-into-amazon-prices-as-jassy-sounds-alarm/,Tariffs Creep Into Amazon Prices as Jassy Sounds Alarm,English,webpronews.com,https://www.webpronews.com/wp-content/uploads/2026/01/article-7474-1769319176.jpeg,Amazon,AMZN
2026-01-25 07:30:00+00:00,https://www.fool.com/investing/2026/01/25/why-wall-street-is-wrong-about-taiwan-semiconducto/,Why Wall Street Is Wrong About Taiwan Semiconductor Manufacturing Stock,English,fool.com,,Alphabet,GOOGL
2026-01-25 07:30:00+00:00,https://www.webpronews.com/pinterests-tv-shopping-push-and-leadership-shakeup-spark-valuation-debate/,Pinterest TV Shopping Push and Leadership Shakeup Spark Valuation Debate,English,webpronews.com,https://www.webpronews.com/wp-content/uploads/2026/01/article-7483-1769320364.jpeg,Alphabet,GOOGL
2026-01-25 07:30:00+00:00,https://www.webpronews.com/lenovos-multi-llm-gambit-orchestrating-global-ai-without-building-models/,Lenovo Multi - LLM Gambit : Orchestrating Global AI Without Building Models,English,webpronews.com,https://www.webpronews.com/wp-content/uploads/2026/01/article-7481-1769320119.jpeg,NVIDIA,NVDA
2026-01-25 07:30:00+00:00,https://www.webpronews.com/aws-at-20-s3-and-ec2-ignite-ai-powered-cloud-revolution/,AWS at 20 : S3 and EC2 Ignite AI - Powered Cloud Revolution,English,webpronews.com,https://www.webpronews.com/wp-content/uploads/2026/01/article-7486-1769320721.jpeg,NVIDIA,NVDA
2026-01-25 07:30:00+00:00,https://www.webpronews.com/pinterests-executive-overhaul-fuels-ai-shopping-surge-for-gen-z/,Pinterest Executive Overhaul Fuels AI Shopping Surge for Gen Z,English,webpronews.com,https://www.webpronews.com/wp-content/uploads/2026/01/article-7484-1769320485.jpeg,Amazon,AMZN
2026-01-25 08:00:00+00:00,https://finance.yahoo.com/news/refresh-thesis-reignite-arista-ai-234200005.html,Can  Year of Refresh  Thesis Reignite Arista AI Growth Story ? ,English,finance.yahoo.com,https://s.yimg.com/os/en/marketbeat_955/384c9c1878fa047e270e42731ccb4774,Meta Platforms,META
2026-01-25 09:15:00+00:00,https://finance.yahoo.com/news/heres-why-wouldnt-touch-quantum-085300176.html,Here Why I Wouldnt Touch Quantum Computing Stock With a 10 - Foot Pole,English,finance.yahoo.com,https://s.yimg.com/os/en/motleyfool.com/14d3b2586eae5f6794766131adc2a42d,NVIDIA,NVDA
2026-01-25 10:00:00+00:00,https://finance.yahoo.com/news/openai-stock-vs-anthropic-stock-092100365.html,OpenAI Stock vs . Anthropic Stock : Which Nvidia - Backed AI Start - up Would Be the Best IPO Stock to Buy in 2026 ? ,English,finance.yahoo.com,https://s.yimg.com/ny/api/res/1.2/oMa.JGuERIfWusDKbLyB0w--/YXBwaWQ9aGlnaGxhbmRlcjt3PTEyMDA7aD02NzU-/https://media.zenfs.com/en/motleyfool.com/585ec633b887d0750b4e8d3da2370d7b,NVIDIA,NVDA
2026-01-25 10:00:00+00:00,https://finance.yahoo.com/news/stock-market-facing-federal-double-092600054.html,The Stock Market Is Facing a Federal Reserve Double Whammy in 2026 -- and Things May Get Ugly for Wall Street,English,finance.yahoo.com,https://s.yimg.com/ny/api/res/1.2/k4fbkbr51mjYHTMZmWFEbA--/YXBwaWQ9aGlnaGxhbmRlcjt3PTEyMDA7aD03OTk-/https://media.zenfs.com/en/motleyfool.com/4b99cd8b216a777baa30758587de7ca3,NVIDIA,NVDA
2026-01-25 10:00:00+00:00,https://www.themarketsdaily.com/2026/01/25/e-l-f-beauty-nyseelf-rating-increased-to-hold-at-wall-street-zen.html,e . l . f . Beauty ( NYSE : ELF ) Rating Increased to Hold at Wall Street Zen,English,themarketsdaily.com,,Amazon,AMZN
2026-01-25 10:15:00+00:00,https://www.fool.com/investing/2026/01/25/openai-anthropic-nvidia-backed-best-ipo-stock-buy/,OpenAI Stock vs . Anthropic Stock : Which Nvidia - Backed AI Start - up Would Be the Best IPO Stock to Buy in 2026 ? ,English,fool.com,https://g.foolcdn.com/editorial/images/852834/artificial-intelligence-12.jpg,NVIDIA,NVDA
2026-01-25 10:15:00+00:00,https://finance.yahoo.com/news/nebius-group-stock-going-0-093000340.html,Is Nebius Group Stock Going To $0 ? ,English,finance.yahoo.com,https://s.yimg.com/ny/api/res/1.2/VRG6SINN0N62cU54n914Rg--/YXBwaWQ9aGlnaGxhbmRlcjt3PTEyMDA7aD04MDA-/https://media.zenfs.com/en/motleyfool.com/042791b27a94c9da690cbf7cd5a01bba,Amazon,AMZN
2026-01-25 10:45:00+00:00,https://www.tickerreport.com/banking-finance/13325472/sequoia-financial-advisors-llc-raises-position-in-alphabet-inc-goog.html,Sequoia Financial Advisors LLC Raises Position in Alphabet Inc . $GOOG,English,tickerreport.com,,Alphabet,GOOGL
2026-01-25 10:45:00+00:00,https://finance.yahoo.com/news/prediction-next-artificial-intelligence-ai-102000863.html,"Prediction : This Will Be the Next Artificial Intelligence ( AI ) Chip Stock to Join Nvidia , Taiwan Semiconductor , and Broadcom in the Trillion - Dollar Club ( Hint : It Not AMD ) ",English,finance.yahoo.com,https://s.yimg.com/ny/api/res/1.2/GLAgenh1s8ZxSg5kcac.Tg--/YXBwaWQ9aGlnaGxhbmRlcjt3PTEyMDA7aD03MjA-/https://media.zenfs.com/en/motleyfool.com/4ddef37228be8022293574b85d373eb4,NVIDIA,NVDA
2026-01-25 11:00:00+00:00,https://www.fool.com/investing/2026/01/25/heres-why-i-wouldnt-touch-quantum-computing-stock/?source=iedfolrf0000001,Here Why I Wouldnt Touch Quantum Computing Stock With a 10 - Foot Pole,English,fool.com,https://g.foolcdn.com/editorial/images/852407/technicians-in-data-center-1131198259.jpg,NVIDIA,NVDA
2026-01-25 11:15:00+00:00,https://finance.yahoo.com/news/pentagon-buys-l3harris-stock-104850750.html,The Pentagon Buys L3Harris Stock . Should You ? ,English,finance.yahoo.com,https://s.yimg.com/ny/api/res/1.2/LvcFDlpKbaZtDbj9VMqiYw--/YXBwaWQ9aGlnaGxhbmRlcjt3PTEyMDA7aD04MDA-/https://media.zenfs.com/en/motleyfool.com/0d4ac845a30f2d20c2ae6d88910256e5,NVIDIA,NVDA
2026-01-25 11:15:00+00:00,https://finance.yahoo.com/news/1-magnificent-seven-stock-thats-103400080.html,1  Magnificent Seven  Stock That a Clear Fintech Powerhouse,English,finance.yahoo.com,https://s.yimg.com/ny/api/res/1.2/cCFq.RbPgxBx3t9405y23A--/YXBwaWQ9aGlnaGxhbmRlcjt3PTEyMDA7aD03MjA-/https://media.zenfs.com/en/motleyfool.com/5f199154c58751da95e4217e798178dc,NVIDIA,NVDA
2026-01-25 11:15:00+00:00,https://www.fool.com/investing/2026/01/25/prediction-this-will-be-the-next-artificial-intell/,"Prediction : This Will Be the Next Artificial Intelligence ( AI ) Chip Stock to Join Nvidia , Taiwan Semiconductor , and Broadcom in the Trillion - Dollar Club ( Hint : It Not AMD ) ",English,fool.com,,NVIDIA,NVDA
2026-01-25 11:15:00+00:00,https://finance.yahoo.com/news/lemonade-introduces-autonomous-vehicle-insurance-110602178.html,Lemonade Introduces Autonomous Vehicle Insurance and Lowers Tesla FSD Rates,English,finance.yahoo.com,https://s.yimg.com/ny/api/res/1.2/R3DsTXHuX1Up50du0B.awA--/YXBwaWQ9aGlnaGxhbmRlcjt3PTEyMDA7aD02NzM-/https://media.zenfs.com/en/insidermonkey.com/1277c6032fd09b727a10249a170024cf,Tesla,TSLA
2026-01-25 12:00:00+00:00,https://www.theguardian.com/technology/2026/jan/25/ai-augment-rather-than-replace-workplace-doomed,AI must augment rather than replace us or human workers are doomed | Heather Stewart,English,theguardian.com,"https://i.guim.co.uk/img/media/033d3484112fef94a74cd5dc5ec833ed85d2b99c/454_0_2917_2334/master/2917.jpg?&quality=85&auto=format&fit=crop&precrop=40:21,offset-x50,offset-y0&overlay-align=bottom%2Cleft&overlay-width=100p&overlay-base64=L2ltZy9zdGF0aWMvb3ZlcmxheXMvdGctb3BpbmlvbnMucG5n&enable=upscale&s=8967dd6ee69e5a6e8a321d58494b5b20",Microsoft,MSFT
2026-01-25 12:00:00+00:00,https://www.dallasnews.com/business/2026/01/25/the-motley-fool-powering-artificial-intelligence/,The Motley Fool : Powering artificial intelligence,English,dallasnews.com,https://dmn-dallas-news-prod.cdn.arcpublishing.com/resizer/v2/Q62CIUW6CFDMHCJ56GCDTNCCGM.jpg?auth=a83f87c3b6d213a8f175467dbc089d6930df050a8b7ef62d2b49eb14969415b3&quality=80&smart=true,NVIDIA,NVDA
2026-01-25 12:45:00+00:00,http://oldvcr.blogspot.com/2026/01/hands-on-with-two-apple-network-server.html,Old Vintage Computing Research : Hands - on with two Apple Network Server prototype ROMs,English,oldvcr.blogspot.com,,Microsoft,MSFT
2026-01-25 12:45:00+00:00,https://www.investopedia.com/what-to-expect-in-markets-this-week-fed-interest-rate-decision-earnings-from-microsoft-meta-tesla-apple-11890747,"What to Expect in Markets This Week : Fed Interest - Rate Decision , Earnings From Microsoft , Meta , Tesla , Apple",English,investopedia.com,https://www.investopedia.com/thmb/JlvR-GWak3P85ARS9gzsXyG1Jks=/1500x0/filters:no_upscale():max_bytes(150000):strip_icc()/GettyImages-2256116086-241e1af72f2f41f0b8191808cbe519f8.jpg,Microsoft,MSFT
2026-01-25 13:00:00+00:00,https://www.fool.com/investing/2026/01/25/beyond-the-hype-3-unexpected-ai-stocks-hiding-in-p/?source=iedfolrf0000001,Beyond the Hype : 3 Unexpected AI Stocks Hiding in Plain Sight,English,fool.com,https://g.foolcdn.com/editorial/images/852566/an-ai-chip.jpg,Microsoft,MSFT
2026-01-25 13:00:00+00:00,https://www.fool.com/investing/2026/01/25/1-sp-500-etf-to-invest-in-if-the-market-crash-in/?source=iedfolrf0000001,1 S & P 500 ETF to Invest in if The Market Crashes in 2026,English,fool.com,https://g.foolcdn.com/editorial/images/852164/gettyimages-1166581794.jpg,NVIDIA,NVDA
2026-01-25 13:15:00+00:00,https://www.macommune.info/HID-Ballast-For-Osram-10R-034663-A71177E00DG-Fits-Hyundai-j-1487713,"10R - 034663 Ballast M . T . C Canada HID Ballast For Osram 10R - 034663 / A71177E00DG - Fits Hyundai , Tesla , Land Rover M . T . C Canada Ballast",English,macommune.info,https://i.ebayimg.com/images/g/J8MAAOSw9qFjnfn4/s-l1200.jpg,Tesla,TSLA
2026-01-25 13:15:00+00:00,https://www.benzinga.com/markets/tech/26/01/50117631/apples-stock-dumped-by-retail-investors-oscar-nominations-nvidias-ai-race-and-more-this-week-in-appleverse,"Apple Stock Dumped By Retail Investors , Oscar Nominations , Nvidia AI Race And More : This Week In Appleverse - Apple ( NASDAQ : AAPL ), Intercontinental Exchange ( NYSE : ICE ) ",English,benzinga.com,https://cdn.benzinga.com/files/images/story/2026/01/25/Bangkok--Thailand---October-22--2023---A.jpeg?&fit=crop,Tesla,TSLA
2026-01-25 13:15:00+00:00,https://www.dailypolitical.com/2026/01/25/alphabet-inc-googl-shares-purchased-by-yelin-lapidot-holdings-management-ltd.html,Alphabet Inc . $GOOGL Shares Purchased by Yelin Lapidot Holdings Management Ltd . ,English,dailypolitical.com,,Alphabet,GOOGL
2026-01-25 13:15:00+00:00,https://finance.yahoo.com/news/every-stock-index-group-double-125000540.html,Every Stock in This Index Group Is Up Double - Digits in 2026,English,finance.yahoo.com,https://s.yimg.com/ny/api/res/1.2/4ErUGdUIiYhB61lBj3xyYA--/YXBwaWQ9aGlnaGxhbmRlcjt3PTEyMDA7aD02NzU-/https://media.zenfs.com/en/motleyfool.com/48fbbda0095eceea78f633b084c12c3d,NVIDIA,NVDA
2026-01-25 13:45:00+00:00,https://www.theweek.in/news/health/2026/01/25/ai-in-health-care-needs-direction-not-just-speed.html,"AI in health care needs direction , not just speed",English,theweek.in,https://www.theweek.in/content/dam/week/week/news/health/images/2025/8/5/AI-in-Healthcare.jpg,Microsoft,MSFT
2026-01-25 14:00:00+00:00,https://www.themarketsdaily.com/2026/01/25/microsoft-nasdaqmsft-stock-price-up-3-3-heres-why.html,Microsoft ( NASDAQ : MSFT ) Stock Price Up 3 . 3 % – Here Why,English,themarketsdaily.com,,Microsoft,MSFT
2026-01-25 14:00:00+00:00,https://www.dailypolitical.com/2026/01/25/nvidia-nasdaqnvda-trading-1-6-higher-should-you-buy.html,NVIDIA ( NASDAQ : NVDA ) Trading 1 . 6 % Higher – Should You Buy ? ,English,dailypolitical.com,,NVIDIA,NVDA
2026-01-25 16:00:00+00:00,https://www.livemint.com/market/investors-hedge-china-tech-risks-amid-trump-taco-trade-drama-11769354843658.html,"Investors Hedge China , Tech Risks Amid Trump TACO Trade Drama",English,livemint.com,https://www.livemint.com/lm-img/img/2024/12/06/600x338/market_4_1733466069237_1733466076549.png,Tesla,TSLA
2026-01-25 16:45:00+00:00,https://www.mirror.co.uk/3am/celebrity-news/countryfiles-adam-henson-shares-what-36582239,Countryfile Adam Henson shares what he really thinks of Jeremy Clarkson after fresh dig,English,mirror.co.uk,https://i2-prod.mirror.co.uk/article36584383.ece/ALTERNATES/s1200/0_Screenshot-2026-01-20-at-162359.png,Amazon,AMZN
2026-01-25 17:00:00+00:00,https://www.fool.com/coverage/etfs/2026/01/25/better-etf-vanguard-s-mega-cap-mgk-vs-ishares-small-cap-iwm/?source=iedfolrf0000001,Better ETF : Vanguard Mega - Cap MGK vs . iShare Small - Cap IWM,English,fool.com,https://cdn.content.foolcdn.com/images/1umn9qeh/production/f2894ef3e59a57033e3d12497757ed4ec0c197b2-1401x1251.png,Apple,AAPL
2026-01-25 17:00:00+00:00,https://www.businessday.co.za/world/2026-01-25-davos-bosses-back-ai-jobs-promise-despite-simmering-worker-anxiety/,Davos bosses back AI jobs promise despite simmering worker anxiety,English,businessday.co.za,https://www.businessday.co.za/resizer/v2/LGZRAEEUI5AU3DZBCWE3U77KFQ.jpg?smart=true&auth=111ccca1fa865bc7b52e6f35467f3b7b875d5cd18a3bf55b7543146fcbd519f1,NVIDIA,NVDA
2026-01-25 17:00:00+00:00,https://www.businessday.co.za/world/americas/2026-01-25-big-earnings-week-looms-for-markets/,Big earnings week looms for markets,English,businessday.co.za,https://www.businessday.co.za/resizer/v2/UZXY53Q65ZN7HLRRI524HBVVBA.jpg?smart=true&auth=4715b5c0e520b81bc66e3416da3b367304a9dfa95ea608acbdc5ac37e6f31296,Tesla,TSLA
2026-01-25 17:30:00+00:00,https://finance.yahoo.com/news/schb-vs-sptm-total-stock-165111353.html,SCHB vs . SPTM : Which Total Stock Market ETF Is the Better Buy for Investors ? ,English,finance.yahoo.com,https://s.yimg.com/ny/api/res/1.2/yKgVmWR5BVz9SB7kKEPAkA--/YXBwaWQ9aGlnaGxhbmRlcjt3PTEyMDA7aD0xMDcy/https://media.zenfs.com/en/motleyfool.com/cd59dd2c77c3210ea428e186ff5222fb,Apple,AAPL
2026-01-25 17:30:00+00:00,https://www.irishdentist.ie/thus-eli-lilly-entered-the-trillion-club/14766/,thus Eli Lilly entered the trillion club - IrishDentist . ie,English,irishdentist.ie,https://www.irishdentist.ie/wp-content/uploads/2026/01/thus-Eli-Lilly-entered-the-trillion-club.jpg,NVIDIA,NVDA
2026-01-25 18:15:00+00:00,https://www.taipeitimes.com/News/editorials/archives/2026/01/26/2003851206,Rupert Hammond - Chambers On Taiwan : Taiwan Renewable Energy Goals Fall Victim to Domestic Political Fratricide,English,taipeitimes.com,https://img.taipeitimes.com/images/2026/01/26/p08-260126_RupertHammond-Chambers.jpg,Microsoft,MSFT
2026-01-25 18:30:00+00:00,https://www.smh.com.au/business/markets/the-critical-question-hanging-over-the-7-3-trillion-ai-bonanza-20260122-p5nw5k.html,Artificial intelligence : Critical question hanging over the $7 . 3 trillion AI bonanza,English,smh.com.au,https://static.ffx.io/images/$zoom_0.2519%2C$multiply_0.7554%2C$ratio_1.777778%2C$width_1059%2C$x_0%2C$y_0/t_crop_custom/q_86%2Cf_auto/t_metro_opinion_no_age_social_wm/f8f21c208c4a42a4eb41ffbbfa33cc08fbfa192b,NVIDIA,NVDA
2026-01-25 19:00:00+00:00,https://www.brisbanetimes.com.au/business/markets/the-critical-question-hanging-over-the-7-3-trillion-ai-bonanza-20260122-p5nw5k.html,Artificial intelligence : Critical question hanging over the $7 . 3 trillion AI bonanza,English,brisbanetimes.com.au,https://static.ffx.io/images/$zoom_0.2519%2C$multiply_0.7554%2C$ratio_1.777778%2C$width_1059%2C$x_0%2C$y_0/t_crop_custom/q_86%2Cf_auto/t_metro_brisbanetimes_opinion_no_age_social_wm/f8f21c208c4a42a4eb41ffbbfa33cc08fbfa192b,Apple,AAPL
2026-01-25 19:00:00+00:00,https://www.fool.com/investing/2026/01/25/this-telecom-stock-could-be-a-surprising-long-term/?source=iedfolrf0000001,This Telecom Stock Could Be a Surprising Long - Term Winner as Artificial Intelligence Adoption Accelerates,English,fool.com,https://g.foolcdn.com/editorial/images/850007/technicians-working-near-wireless-towers.jpg,Apple,AAPL
2026-01-25 19:00:00+00:00,https://www.fool.com/investing/2026/01/25/is-ai-bubble-about-to-burst-heres-how-to-profit/?source=iedfolrf0000001,Is the AI Bubble About to Burst ? Here How to Profit Either Way,English,fool.com,https://g.foolcdn.com/editorial/images/852323/gettyimages-2165555044-1200x691-f260cd6.jpg,Apple,AAPL
2026-01-25 19:30:00+00:00,https://www.ok.co.uk/tv/countryfiles-adam-henson-shares-what-36582239,Countryfile Adam Henson shares what he really thinks of Jeremy Clarkson after fresh dig,English,ok.co.uk,https://i2-prod.mirror.co.uk/incoming/article36584383.ece/ALTERNATES/s1200/0_Screenshot-2026-01-20-at-162359.png,Amazon,AMZN
2026-01-25 19:30:00+00:00,https://www.webpronews.com/ai-agents-assault-on-saas-israeli-titans-wix-monday-com-and-nice-face-reinvention/,"AI Agent Assault on SaaS : Israeli Titans Wix , monday . com and Nice Face Reinvention",English,webpronews.com,https://www.webpronews.com/wp-content/uploads/2026/01/article-7661-1769366221.jpeg,Amazon,AMZN
2026-01-25 19:30:00+00:00,https://www.webpronews.com/metas-sacred-cow-inside-whatsapps-high-stakes-gambit-to-generate-billions-without-ads-in-your-chats/,Meta Sacred Cow : Inside WhatsApp High - Stakes Gambit to Generate Billions Without Ads in Your Chats,English,webpronews.com,https://www.webpronews.com/wp-content/uploads/2026/01/article-7630-1769362379.jpeg,Meta Platforms,META
2026-01-25 21:00:00+00:00,https://www.pymnts.com/cpi-posts/google-antitrust-ruling-signals-trouble-for-search-default-deals/,Google Antitrust Ruling Signals Trouble for Search Default Deals,English,pymnts.com,https://www.pymnts.com/wp-content/uploads/2025/11/google-ai-artificial-intelligence-investment-technology.jpg,Apple,AAPL
2026-01-25 21:00:00+00:00,https://www.webpronews.com/the-thread-unravels-for-x-how-metas-challenger-quietly-seized-a-key-u-s-social-media-crown/,The Thread Unravels for X : How Meta Challenger Quietly Seized a Key U . S . Social Media Crown,English,webpronews.com,https://www.webpronews.com/wp-content/uploads/2026/01/article-7696-1769370657.jpeg,Meta Platforms,META
2026-01-25 21:00:00+00:00,https://www.webpronews.com/harvey-ceo-champions-unlimited-pto-to-fight-burnout-in-ai-legal-tech/,Harvey CEO Champions Unlimited PTO to Fight Burnout in AI Legal Tech,English,webpronews.com,https://www.webpronews.com/wp-content/uploads/2026/01/article-7704-1769371704.jpeg,Microsoft,MSFT
2026-01-25 21:00:00+00:00,https://www.webpronews.com/teslas-ticking-clock-why-one-market-veteran-predicts-a-90-stock-plunge/,Tesla Ticking Clock : Why One Market Veteran Predicts a 90 % Stock Plunge,English,webpronews.com,https://www.webpronews.com/wp-content/uploads/2026/01/article-7702-1769371388.jpeg,Tesla,TSLA
2026-01-25 21:00:00+00:00,https://www.webpronews.com/waymos-next-frontier-the-billion-dollar-bid-to-chauffeur-americas-children/,Waymo Next Frontier : The Billion - Dollar Bid to Chauffeur America Children,English,webpronews.com,https://www.webpronews.com/wp-content/uploads/2026/01/article-7707-1769372091.jpeg,Amazon,AMZN
2026-01-25 21:15:00+00:00,https://finance.yahoo.com/news/buy-energy-transfer-stock-while-203800424.html,Should You Buy Energy Transfer Stock While It Below $20 ? ,English,finance.yahoo.com,https://s.yimg.com/os/en/motleyfool.com/fd1770aa90899a787bdebe8847977ffe,NVIDIA,NVDA
2026-01-25 21:15:00+00:00,https://www.el-balad.com/6833336,"BTC Drops Below $88 , 000 as Fed Week and Tech Earnings Loom",English,el-balad.com,https://www.el-balad.com/uploads/images/202601/image_1200x675_69767fa5c2249.webp,Apple,AAPL
2026-01-25 21:30:00+00:00,https://www.chicagotribune.com/2026/01/25/mayors-realistic-but-hopeful-on-cities-fiscal-outlook/,"Mayors realistic , but hopeful , on citie fiscal outlook",English,chicagotribune.com,https://www.chicagotribune.com/wp-content/uploads/2026/01/PTB-L-LCAC-0126-01.jpg,Amazon,AMZN
2026-01-25 21:45:00+00:00,https://www.webpronews.com/ai-translation-tools-threaten-40-of-human-jobs-by-2030/,AI Translation Tools Threaten 40 % of Human Jobs by 2030,English,webpronews.com,https://www.webpronews.com/wp-content/uploads/2026/01/article-7715-1769373382.jpeg,Microsoft,MSFT
2026-01-25 21:45:00+00:00,https://finance.yahoo.com/news/nvidias-85-gpu-market-share-210500376.html,Nvidia 85 % GPU Market Share Faces Growing Competition : Is This AI Stock Still a Buy for 2026 ? ,English,finance.yahoo.com,https://s.yimg.com/ny/api/res/1.2/8pti7LKqmc1JkEQDv7J8bA--/YXBwaWQ9aGlnaGxhbmRlcjt3PTEyMDA7aD02NzU-/https://media.zenfs.com/en/motleyfool.com/94919dbe4b8656a1f0f665cf94da23de,Microsoft,MSFT
2026-01-25 21:45:00+00:00,https://finance.yahoo.com/news/better-rocket-labs-1-etf-210500880.html,You Can Do Better Than Rocket Labs With This 1 ETF,English,finance.yahoo.com,https://s.yimg.com/ny/api/res/1.2/a_6k5IsGqqEVFWPNO5DQEA--/YXBwaWQ9aGlnaGxhbmRlcjt3PTEyMDA7aD04MDA-/https://media.zenfs.com/en/motleyfool.com/c02ac7b38d934d0a2f4ce7bee8935edf,NVIDIA,NVDA
2026-01-25 21:45:00+00:00,https://www.azernews.az/region/253505.html,"Amazon plans thousands more corporate job cuts next week , sources say",English,azernews.az,https://www.azernews.az/media/2026/01/25/1769175144767651271_1200x630.jpg,Amazon,AMZN
2026-01-25 21:45:00+00:00,https://www.ibtimes.co.uk/melania-trump-hosts-black-tie-sneak-preview-her-amazon-film-ahead-premiere-1773616,Melania Trump Hosts Black - Tie Sneak Preview of Her Amazon Film Ahead of Premiere,English,ibtimes.co.uk,https://d.ibtimes.co.uk/en/full/1785723/melania-trump.jpg,Amazon,AMZN
2026-01-25 21:45:00+00:00,https://www.webpronews.com/the-million-dollar-warning-elite-hackers-breach-teslas-and-ev-chargers-exposing-critical-flaws-in-connected-cars/,"The Million - Dollar Warning : Elite Hackers Breach Teslas and EV Chargers , Exposing Critical Flaws in Connected Cars",English,webpronews.com,https://www.webpronews.com/wp-content/uploads/2026/01/article-7720-1769374018.jpeg,Tesla,TSLA
2026-01-25 22:15:00+00:00,https://collider.com/down-cemetery-road-apple-tv-underrated-slow-horses-successor-dominates-global-streaming-charts/,Apple TV  Slow Horse Replacement Dominates Global Streaming Charts,English,collider.com,https://static0.colliderimages.com/wordpress/wp-content/uploads/2025/10/_apple-tv.jpg?&fit=crop,Apple,AAPL
2026-01-25 22:15:00+00:00,https://finance.yahoo.com/news/billionaire-david-tepper-sells-oracle-213600549.html,"Billionaire David Tepper Sells Oracle , Micron , and Intel , and Buys an AI Stock Up 31 , 000 % Since Its IPO",English,finance.yahoo.com,https://s.yimg.com/os/en/motleyfool.com/72415d8b427a442c0f454ecb3ea0843e,NVIDIA,NVDA
2026-01-25 22:15:00+00:00,https://www.fool.com/investing/2026/01/25/nvidias-85-gpu-market-share-faces-growing-competit/?source=iedfolrf0000001,Nvidia 85 % GPU Market Share Faces Growing Competition : Is This AI Stock Still a Buy for 2026 ? ,English,fool.com,https://g.foolcdn.com/editorial/images/852371/gettyimages-1468266151.jpg,Microsoft,MSFT
